SiteName,Area_m2
Dixon Bay 2,885.5757203
Dodger Channel 1,1698.166107
Ed King East Inside,737.710394
Flemming 112,615.82596
Flemming 114,509.6526692
Nanat Bay,634.5417572
Ross Islet 2,1096.594772
Second Beach South,1050.176931
Tzartus 116 R,897.3079511
